-91.5135161428023,16.185473268624612,0.0047160111883282705,0.0025444947640618854,0.16847260456171292,0.00496418302431907
-106.45232083847013,27.990373506523262,0.004800685552923779,0.004530588229971238,0.045870683569608814,0.005891277820620316
-105.83096587571268,27.007329632825424,0.00450253901041892,0.004967261624766495,0.0455614249697743,0.006065040934887693
-107.7887800430045,26.340341514708904,0.005318092798304029,0.00521065369567812,0.048417883090726435,0.006190407036946378
-103.43910034107887,28.519861419149862,-0.0006456366354850779,0.004064964743954387,0.03899075711875705,0.005983628874694555
-103.4307404121395,28.84000387642028,0.0067962655042548,0.004115864384601329,0.04222871151203853,0.005926094322252141
-107.89172308089587,28.020114595580964,0.002203300469104195,0.004979178249628717,0.04519939856142579,0.0058759092489998836
-107.13415571860862,27.02546004194748,0.005492397168046717,0.004854940014265472,0.04290633302930855,0.006076483350368503
-106.3622876294808,26.636971488943423,0.0035692657014547214,0.004488883882763725,0.04673124840615085,0.00644139059699503
-108.02236971567723,28.21256638399591,0.00530088609711419,0.004049619664867707,0.04187940352407836,0.0060761008857306694
-109.14708671905899,24.859999733768557,0.006345599473192906,0.004646692194711238,0.05479231931784345,0.006589119365706428
-105.60949181539092,27.482388377766767,0.006639725539548759,0.00469295517877324,0.046496190366529556,0.0061450754872142774
-103.90306742163321,28.35222195952546,0.006452526645902933,0.004083847712223489,0.04075937925583371,0.005973903138355242
-105.23692033377979,28.535143236839087,0.0060825338200665695,0.004192348206329469,0.04433532089729947,0.005837791083064899
-105.18618782700078,27.26616620573128,0.0018863702162559373,0.004081851285297164,0.05181927129641578,0.006090809181311373
-109.35859462441654,26.55001904185059,0.0011793509621400142,0.0023342201809282816,0.04535955886447525,0.006414532538788635
-103.27045361017954,27.94962345828401,0.005366584532352061,0.0034018083410672514,0.043589076305762905,0.006080791102244305
-104.19948679027314,28.910407752963465,0.004453415147451888,0.003954819303992664,0.04627719974559292,0.005645869329604622
-105.15479294120951,29.15200622194289,0.003721762557618308,0.0039367977695297035,0.04059890773079482,0.005836142476619995
-105.81597622825726,26.838495946986633,0.006860371431658979,0.0031556500653500013,0.04873585950082125,0.006090058187696369
-105.90387416428248,26.46777919921711,-0.0018751762466222629,0.0030204721184363655,0.04734663607726059,0.0063015775261299825
-107.23869914321104,27.586356356959907,0.0010144755124824514,0.0041701987234856915,0.041927421660926965,0.0061459208649452335
-107.40801097938329,24.556497515683173,0.005364660438303567,0.0028622910286459627,0.05706741704637193,0.006240056929504826
-106.97240742355632,28.336835641426326,-0.0009402643575579918,0.004032544463639956,0.04281296268025177,0.005947998023506183
-106.21956656160523,26.21516345166271,0.0046893842200922435,0.004499296389695455,0.05102405280264701,0.006248039686132271
-107.79394643172449,27.631147478567403,0.0056852288893387785,0.003686506870838041,0.04541974698091718,0.00599012399671588
-108.61941081918876,27.03628897558523,0.0041641979340106255,0.0038341781524709575,0.04838947329847781,0.0060927585672163245
-105.71044691867034,28.330833196111193,0.006612542517882493,0.004610374610087936,0.04328041118290869,0.005897814841328919
-104.34067305833312,28.65313943440811,0.0035678400262263064,0.002903071324716405,0.038343482557773076,0.00595226130545738
-106.83294121648814,28.949383228241725,0.004492076508380774,0.0034147807676031703,0.039527904940415706,0.0059403248372810425
-107.43057536214124,27.473638152242255,0.0031781732678973855,0.004039559261843884,0.04547761928768938,0.006095596951626265
-109.07419770047508,25.959492180609494,0.0020746980158719867,0.004676012395926228,0.04636658502115338,0.0063673687186063
-105.45716970812148,26.780509338349294,0.00735647734122549,0.0038084303646171006,0.04750655753729286,0.005958280242719995
-103.63299528338355,29.18107389048695,0.0063436019609207405,0.0032068164453615522,0.04024899747640654,0.005836639817610726
-105.2652332559607,27.841194121571135,0.005666731469842061,0.001750082441965823,0.04372371867583048,0.005960625323416725
-109.31233268512304,25.975452857588827,0.004679592281713386,0.0031472437990063577,0.049896198741350165,0.006192057059391871
-106.85191968197311,26.093271084840342,-0.002058743847768246,0.004050717230509248,0.046449297263664514,0.006195365610801027
-107.81885109225509,27.518968000210712,0.005142681663220546,0.003654021926208335,0.04450253922352257,0.006014217925630286
-105.41932781976655,26.385219209233007,0.0016920602254042343,0.0021913974229138384,0.05056937962748089,0.006117246535199607
-107.99652333808658,28.350927419530514,0.002283788888522419,0.004144188191519695,0.043275034792989456,0.005867057462872549
-92.31927047961443,17.0409871503775,0.0029837241152995434,0.001605739629846587,0.16629572558110686,0.005004462281211362
-109.58709746678021,26.713970084013226,0.006654352523020944,0.004181969886501292,0.049570690954238814,0.006243261267059734
-107.94557281177454,27.185411546606673,0.004398718321883563,0.0052450422853281,0.045396305921210585,0.006134968371000376
-104.66014036503638,26.99320497938345,0.001994386504866964,0.004745801324855312,0.051024405507301585,0.0059973077413946465
-105.52953825217597,24.88318832924022,0.005703949020364139,0.003972666766130451,0.05392079213144889,0.0065232681030405705
-107.87497913076069,25.809689782899472,0.005543177405957548,0.0017136204884700822,0.04794263264575627,0.006332291015764631
-103.99168253889857,28.419691443089032,0.006582053084908612,0.005429567033892616,0.0421838565833492,0.005980477546926829
-104.25599166044506,28.79266976519593,0.00478058043208418,0.004518233683096394,0.041078658235859176,0.005893814828265006
-104.07184416848045,28.637999852765496,0.006112500557460551,0.004238469651594147,0.04331264967247883,0.0059262880128029246
-107.3609873408902,25.918156175481716,0.004940110197508422,0.004362900917443608,0.0521019856078635,0.006245188512537164
-107.9480720646798,28.654346420478568,0.007051949060729555,0.0032178478082275593,0.043258442528879705,0.00584902589886932
-107.81021378431129,26.653358660576693,0.00531998480188417,0.002862918921306448,0.04655970163605567,0.006206831548182098
-107.32964947683539,28.07637787275676,0.0061857468268271595,0.003924898867678103,0.041818921627712516,0.0059921545228204375
-106.65068001760191,28.629714651657004,0.0037588088772887475,0.004365226692645864,0.04435062029107922,0.0057968995480424165
-106.85850893265822,28.95411265868932,0.002805456157581486,0.004719184716304929,0.04215065519777596,0.005841153874972165
-110.23801742846194,26.8428884873481,0.0053122504574975304,0.00333279486959171,0.04530356173227008,0.006175472082557085
-107.59785890644146,26.888508528885097,0.004903706057935423,0.0044838474590508165,0.04247080945518753,0.0062560375309908215
-107.16707622789185,27.392556453362676,0.001466226160072049,0.004757704946708758,0.050542755294214245,0.005897730116653679
-105.10504613859007,26.095734850980058,0.002537438076163784,0.003240745679784062,0.05677964762038741,0.006175560295823829
-110.02605627404346,24.601892280870025,0.0061495955442700525,0.002242388483736385,0.0553302143516717,0.006236231557213728
-102.75046407544392,28.43221358507078,0.004130503315795422,0.004950595082203762,0.04205506639250597,0.005925775685223543
-108.43877026741859,28.610879541126614,0.00303018580086624,0.004358537128029576,0.041092339350291364,0.005922833021590317
-108.6940114319528,27.437153587451046,0.004547462995549235,0.004804234645127872,0.0432225682666027,0.006094464599795502
-107.44217688497592,26.81542762859683,0.0062142921846804365,0.004464337416803102,0.04735028822923641,0.006180874428552773
-106.91926591791108,26.013650144435154,0.005448922321480409,0.0026057303238847737,0.048480338505077575,0.006433569326366026
-108.61898722039516,26.206111525451746,0.002573349951886391,0.0029960210066736536,0.04792904137370888,0.006417217254760042
-108.33105877525357,26.883167701287608,0.0023481263680247425,0.0030001575616854887,0.04738265365339126,0.006134433829616856
-108.38705431741148,27.54115943454793,0.005161369140927431,0.0032772090286435954,0.044271969546039444,0.006046515171456218
-108.93358626202192,27.071340634240357,0.004096460520044986,0.005092603144212253,0.04717639545671863,0.006009820642904596
-107.78547323297019,27.34596401536033,0.0057702754519334265,0.0038780042897658524,0.045105180373500954,0.006047628227482818
-105.61743851376721,24.52977222538101,0.005456911529533729,0.00470935644793506,0.05806829060961584,0.006419808113079817
-104.56999210463364,27.746344301712348,0.0034863459719520324,0.004832758521766734,0.04474472137506386,0.005989574688257065
-107.73565577793177,29.09225972492377,0.005910719409040052,0.004547408877751929,0.038281507422798414,0.005950247876723697
-109.17112084090573,29.31694342629263,0.00544700240781299,0.005273489391884875,0.03733333438369976,0.00591551752734557
-108.94931176822983,27.359672281641355,0.004001528789037809,0.005009461220424212,0.0465529056800595,0.006003039248709849
-107.4288191270385,27.887310375083747,0.0031772814524336653,0.0030123845888051963,0.04282402876946475,0.006119545529065535
-105.96510600866733,28.75631901482218,0.005405698551386758,0.004165584579543099,0.040397483363774356,0.005899567236579093
-112.6039158786999,22.22181201117761,0.0032013052562278725,0.002666037399954741,0.06707232172687988,0.006253269461031963
-107.80424467094915,27.732396472132006,0.005236567228081515,0.004386919443429409,0.04334538239894639,0.006146689965112799
-106.52230435374759,28.26341518333615,0.005187431692988472,0.004169315551546889,0.042442504635406816,0.005884683444064351
-90.08903595296202,14.90485933653029,0.0032675974242225778,0.0005878175114669991,0.18439229592480438,0.0049086695990373935
-104.97267358748827,24.92800763276957,0.0057629229333491456,0.003933158020834567,0.057452020829537466,0.006086741863257169
-108.17295195338833,27.56201004044622,0.006447302443008224,0.0041850054952303544,0.046553692440244175,0.005967191953053183
-108.78860208458028,28.291554128933193,0.006366945537712912,0.0012171558032366752,0.04184614915844813,0.005918547899641106
-107.49833873147767,29.928483179509698,0.004161988435313454,0.004271458189635018,0.03529231948806605,0.005839263274669863
-111.34333643967732,27.116852185350968,0.004985284183406809,0.004255366249435545,0.04168161462895366,0.006161003072016355
-103.77717467148382,29.020359561733546,0.005725402229536746,0.004335103415276646,0.0399132600197645,0.005926299714078535
-105.79404520662631,29.230107569116512,0.006130762846354027,0.0031687711430727706,0.037951111622638235,0.005951902733007528
-108.45428243885799,26.915481136119915,0.0065234491443568205,0.003150337641320518,0.04580556264346907,0.0061199018000407035
-108.02367156938472,27.895395562604943,0.006339322309343487,0.004008644227045612,0.044654132894912976,0.005992372420174884
-108.39770821378033,25.47362157717009,0.0015622457063711745,0.004070509279354567,0.05563932450502823,0.006583683829025369
-106.10844637470457,27.70454034628488,0.0020819801290074937,0.005412933658550097,0.04511048266558598,0.006049054395220003
-108.11008852991063,25.376511220615974,0.0018470626976526804,0.004556378285780588,0.05339316733233803,0.006442501255080575
-109.76515645926733,26.056452874685828,0.004024435206637901,0.00300919950987675,0.05110154460562667,0.0061751509082556225
-107.7214493075807,28.550831315830226,0.005868886652062045,0.0031099180391867183,0.043911123368755446,0.005944517264313277
-106.5328051505409,27.59759778529452,0.00675770283105113,0.0038644145930239403,0.042790473251160546,0.006068879513465935
-108.09215762388396,27.010570328565073,0.003492515439879644,0.004210385442927982,0.04434700803457015,0.006362629637306401
-107.92073218003914,27.79980311183673,0.0037057397735846577,0.003091658812410776,0.04082206406125492,0.006134900422555549
-109.14194550084423,28.728804375142108,0.00609095606101309,0.004802109853994793,0.03920982136334003,0.0060582986089623226
-108.50280587805511,26.51460724973042,0.004767428834316797,0.003422085946076048,0.04666526437022923,0.006272490985311502
-108.68132439178984,26.95832588972832,0.004735804733361931,0.0035374791852606836,0.04453027187017621,0.006189787292758515
-107.74982822469705,26.113587088535905,0.0034773092463968023,0.0009252379480067906,0.04849446217006185,0.006355091978694877
-107.44134067745071,26.960256419957055,0.0069333103942073706,0.005033569002177285,0.042465662097958885,0.006172115157495045
-108.74370547139821,27.772014390379848,0.004372304432556099,0.004941137776748939,0.042887232413264,0.006048143721334519
-106.13704825205029,27.831338249140845,0.004153756942882426,0.0045233334382969404,0.04827686236697857,0.005916823841411118
-106.96433594896776,28.897140524462213,0.005276200099608641,0.004755803682760412,0.03961060016971069,0.005916721693061235
-108.3739762969838,27.88073844410912,0.003246627874448748,0.004803619615580346,0.042331020675872875,0.006057365626189453
-104.73145058578635,27.06429203909272,0.006221328632335295,0.004094470374071105,0.0496774774936241,0.006042219077809172
-106.70714080155071,27.023470312174574,0.005839509653495382,0.004408719271070962,0.048747051040039194,0.006101357961760133
-109.00666395672079,27.093082913605308,0.006605644439339424,0.0055025693618515,0.047644542595768044,0.00604394931539311
-106.79977212721553,28.133808139325502,0.0023314717466807514,0.004945638887603044,0.04410534300150072,0.005995408216398052
-106.9869368656884,26.143846983543106,0.0008199177311496938,0.004132582779869203,0.04416037108031845,0.0064507081937299855
-107.47820279162428,27.31011151397418,0.0031821652682015255,0.0044709936485174216,0.047777262183597444,0.006032882668685895
-107.7987771918082,27.191266510781713,0.0036169067255121213,0.005075602158267488,0.04956264446851893,0.00594801630160694
-105.0778155352119,25.68658715349427,0.006297722544768099,0.0020967044166266273,0.05452394460912978,0.006382799194017701
-108.29811250593923,27.595245801826003,0.006499367059625674,0.004399974609138343,0.04505246761982175,0.006091269297338374
-108.17531061061936,26.764053725701604,0.006504368895647271,0.004339836472384386,0.04826788362431375,0.006045219350408641
-104.92129003643996,27.950429914572247,0.006642475650819007,0.0032619804402729304,0.042596586627190035,0.00614311199903982
-107.3803607206739,27.460649614848727,0.005639389267434521,0.004940643486111939,0.04444181082156075,0.006040999990659162
-108.55624389699032,25.687517062197003,0.006335592001513422,0.002622295766007695,0.04962315768061832,0.00629789364696373
-105.58636229119125,26.520643502170078,0.002987219398310652,0.002893335581213656,0.04797137456664974,0.006095379665307607
-108.32823096806672,25.68883999546988,0.0021831702280008633,0.0038951509803869314,0.05197102578532018,0.0064633003015000245
-106.60622522381652,28.246278832704224,0.0043082310105637504,0.003435184103503322,0.04294881382662188,0.0058970154330625895
-106.18616249885801,27.03017533304713,0.0049403484232140105,0.004105168883449532,0.047666820501864375,0.0060325378013186175
-103.3281403587471,27.730968095487043,0.006823253083836881,0.003400004259604011,0.045500658258199295,0.005885056400070849
-106.05952502271464,25.533375977139304,0.005707028956625718,0.0034874079890664703,0.05544831985345211,0.0061493380886337755
-103.13687459793059,28.017370426448878,0.005812862787016233,0.00293599149981087,0.04283225848792846,0.0061344227180303995
-102.75391176645091,26.50602948354352,0.005499164421991193,0.004504506999517871,0.0528995610654381,0.006088508326220833
-109.18940270250735,25.854420734112153,0.0039025270916743502,0.004225208216639015,0.050946562867956804,0.006162968628449605
-108.31273077131262,26.679235439664573,0.004619820900759452,0.004798049255949388,0.05049337093053452,0.005939583328899922
-106.34252527335055,25.12109181136327,0.004380700736703791,0.004392752763017526,0.05154322503027488,0.0063134048061176925
-108.03475486965249,26.886489006537964,0.004877369572166923,0.004079468739197274,0.04609086384312281,0.006270426296300489
-104.65516093641322,24.277963133693895,0.005905629169531862,0.0038324749856365687,0.05677934802967912,0.007087112756892365
-105.3665495951274,28.250203044068833,0.004992532039965143,0.004793732985884654,0.04022564281339158,0.006012447854406769
-103.75398114256919,26.49302685625405,0.00546931227640994,0.004279535176048992,0.04740993908141011,0.006283063019831383
-104.36165918475221,26.89621319374813,0.0047265744920853645,0.003796483256492493,0.05152909254356749,0.0058949282131513705
-105.52739012486886,27.992202592072935,0.006825249584767323,0.00458549257925382,0.049046858542225055,0.005722850928327689
-107.7681476188616,28.272721132902273,0.00640211423677718,0.005272533313637066,0.04382351746930687,0.005989975408103078
-108.75848875262503,25.955949662780494,-0.005717687831587987,0.0038645249375760444,0.04509016851248874,0.006309429057560223
-109.50252051558286,27.814836716292223,0.004556407576939194,0.004927551291885728,0.04254690994504073,0.005958973509453945
-108.92253607885212,26.034105952598075,0.0034520194775360573,0.005169495504401485,0.04998986595797342,0.0062930408542419105
-104.91356819170339,27.332293572501563,0.0033451264815122007,0.0019153911317705847,0.04620256014411102,0.0058332657342557315
-103.82176682815376,27.08043362944856,0.005927042628066732,0.0037629386407460204,0.04385548662962653,0.006075358366931881
-105.47564265839003,27.2671368603467,0.002917267306169092,0.002862226009498854,0.0438365109618986,0.006032019882585442
-106.09867020971417,26.987763371720565,0.004713832867742724,0.003051518467775121,0.05042070249903903,0.005943548449147759
-106.03425046448316,28.709807181234662,0.0019386367021469405,0.003967939742264946,0.040617738291789766,0.005930941651190302
-103.54657055998328,27.08309707443563,0.006966420650197985,0.0010094958733260766,0.048994159211545055,0.006079303878103374
-104.41201105507177,28.46823892005881,0.005143296324437472,0.0034592716249319767,0.043720676891422346,0.005900619446192756
-103.9411477811299,27.625789216081007,0.006644472386735431,0.004623897035126877,0.04751553172103744,0.0058678127102350704
-103.6154051294158,26.929438916660246,0.004938004081578592,0.0053173634425143276,0.046387489687456054,0.006162016036554432
-103.69432045623327,28.038855637283792,0.005806161562647241,0.0039014561672519273,0.042657405649217384,0.006021116207309131
-107.60240495593162,25.029957063955024,0.005733489598467877,0.0033963066926492335,0.04987569839118581,0.0063038161912249546
-108.40528970075721,27.091254383227856,0.0024334294423046213,0.0031275773288663164,0.043561142701855834,0.006205554808534024
-104.69209670986308,26.70994624446186,0.006032645581468448,0.0041493160014826275,0.04914530993043555,0.0060212327297422905
-106.50309365510319,25.988199758462496,0.003050445760634889,0.0037803191698436815,0.05166578979564229,0.006028645569986122
-107.90389228863539,25.20133156236144,0.004922807325528017,0.0040304722926142785,0.055514266763587575,0.006271602601061839
-106.89683687883203,27.09578231344605,0.0048504431770756565,0.003407562172568674,0.04567625559430171,0.006057614220490592
-108.57465837043371,27.843464528729577,0.004923323699033185,0.0024983996958459188,0.045234748275084065,0.00595123833346123
-107.64594770905462,25.032466361307954,0.0023316458096168365,0.003058573681910961,0.05064076949686826,0.006487552029565212
-106.07077665510651,28.332082593525694,0.00047760340507295034,0.005368338122538438,0.03984700702112472,0.005977182632242499
-105.78646089291036,28.509219857333882,0.005390371660242244,0.0038610585585710498,0.04539660638869545,0.005930287763777546
-110.77714987074353,26.669250207846137,0.00548803139826543,-0.000558489060908858,0.049469197754673316,0.005984664850368289
-105.86177524059796,28.51905365163342,0.006033094659618507,0.00428574432434127,0.040128622574643946,0.005932734570005252
-105.15578477804281,27.3677870672927,0.0044970370039778395,0.004314926441355739,0.04623786139953814,0.00595408222780347
-103.55001921609819,27.834588123877683,0.003978937045447333,0.0033967734436475454,0.043693218487357376,0.0060219695908051655
-104.05337756850433,28.126233081393377,0.006601459567567499,0.004360385307838499,0.0436177913095514,0.006005967749776612
-105.22920245239357,26.567313254366887,0.005705057545057733,0.002582584380443383,0.05079153360328144,0.006193128968999769
-106.59933003871625,27.694229536423002,0.005823429296889475,0.003011119849569651,0.04615353863374922,0.005987913919839507
-104.08431326616517,27.714960969748738,0.00499830441586449,0.0038641469656340807,0.0443492577313873,0.005963078073495115
-105.9887366830997,27.418708997184325,0.004761895070311424,0.0036944713133568825,0.04401596681308867,0.006112953000345255
-108.99434219858549,27.261261852968026,0.004913470273450447,0.003702291563777127,0.0433334356669197,0.006167530717307898
-106.59496562222921,24.64580456073037,0.006454748743294836,0.004924147514453015,0.05583384946989902,0.0063372298681079395
-108.72335211949716,25.909524015440088,0.003723384857154243,0.005373016883001286,0.049949676356100516,0.006244401325669187
-109.2941244607141,26.948162814208995,0.006079761253528441,0.004904608589410888,0.04580055302049619,0.006023453884886573
-109.71685803117934,28.06293336245526,0.004350374109500103,0.004633084273514261,0.04322165951937984,0.005912732496940603
-108.19101471769025,26.387070410508546,0.005289852786997315,0.004437655401341117,0.0502043224649661,0.0061262161007097585
-104.14805508158516,28.206891090957658,0.005762833532218761,0.005076728193847991,0.0409624144185505,0.0059804965155413874
-104.0602962837871,28.941826334530568,0.004887361269373029,0.00435891752048654,0.042393103634613946,0.005844654740662937
-108.08413206625028,25.946559271382295,0.006465948150937007,0.004839125628232148,0.05217097363136434,0.006377961454550801
-101.57060827414367,26.243120064543046,0.006517059916161671,0.004484702353693493,0.053882761441694405,0.0064138107837954424
-105.00272892701204,28.82071415604434,0.005645247701811009,0.005132935712030115,0.038684641170470296,0.005946281300526381
-103.53914669637763,28.23547270282529,0.005217590519211083,0.003809950830322781,0.04004743809909842,0.006023735746563729
-106.49298003024289,26.495938535857697,0.005319352021686209,0.005130222429455279,0.05216388418700463,0.006065075082473285
-105.66208717972029,28.748955192839304,0.004785439881745117,0.004223762918891813,0.04074225795373265,0.005902743395942741
-107.09090612567017,27.859710378587966,0.003576481238635812,0.0018657384919614137,0.04377781560024685,0.006221139776020816
-105.96036983132868,28.618393789799,0.00539715867149166,0.004610030279795154,0.04137548605688851,0.006127661564311425
-105.5158131102919,29.06635927710879,0.006854293803745752,0.00408829413847439,0.04507172688200356,0.005746737887472668
-108.80076313943599,27.015856500544412,0.0037462773559195986,0.00474152303546499,0.04560980636531444,0.006070569669427425
-104.85411458569429,28.461767069428184,0.005394270255114673,0.004558393893093992,0.040097547964197525,0.005952037744158145
-108.17432089955408,25.454708887131854,0.005442759009257508,0.004829255699633352,0.05208780053041845,0.006599224217750684
-105.85522435463274,28.63485350484612,0.006808261138528534,0.0028077509792630256,0.045017785647009236,0.0058901719363828285
-106.01831903605583,27.30280921250115,0.005569075123456972,0.004438280852402583,0.048917236796883264,0.0059923157086528385
-106.43496689344852,28.416223999445766,0.005536827715383269,0.004296335720204887,0.04655458753877236,0.00597183474645759
-111.1191408816563,24.97888671433963,0.004175941239190394,0.0039718173437944485,0.05580576470616291,0.006189622927608183
-109.88771098234625,27.735766341176127,0.004290888259260091,0.00303821370504573,0.04293678782192251,0.006138122316788172
-107.61353905733654,26.833320065709337,0.004222365228781387,0.00458100502076243,0.049727706774274724,0.006226906113540794
-100.91986714039538,29.378464915684525,0.0065136681589863755,0.0042951070862754315,0.04005864924066544,0.005858293234842143
-104.32185119592468,28.36386539038377,0.006111124223747907,0.0027117647645368906,0.043365934419012306,0.005886834022115054
-107.74965543910582,26.519369786932934,0.004419811847897693,0.004950986697785903,0.047547650925901956,0.006062988633235533
-106.4799548116387,25.89731724711256,0.005919328233139281,0.0033721180392687115,0.048675810736643864,0.006307737812141047
-105.52756607054395,25.858887356781764,0.006094620081630432,0.003623259226768051,0.05396089790055512,0.006226942140613662
-104.29642325857415,28.883122330416995,0.005392057071290418,0.00529617116892167,0.03912815432832884,0.005937453876375141
-105.2712804522765,28.176851220606675,0.0007585558849468863,0.004483183989242971,0.0470004022957525,0.005797036377915216
-103.77487555190449,28.47227070911176,0.0013599142037155913,0.004174520902361084,0.044437725067028935,0.005829042131022909
-107.00658679341507,27.191831878987596,0.0069310073602368944,0.004523065581733583,0.046718553469617244,0.0060371886121658325
-104.47936243328058,27.65445801751121,-0.0042808657050636655,0.004850150433331182,0.04702961460990439,0.005778623515154922
-107.36851090652581,28.874231128921984,0.00634649757851429,0.004091389521245531,0.03975579681596934,0.0059183783749915415
-105.65353170738729,27.89517080199014,0.005521630521773212,0.004358395575922455,0.04625678766300042,0.006033283675821189
-107.8309837413937,28.212897481909827,0.0066163708060286135,0.0036754899717167783,0.04551027635350386,0.005945294724055201
-104.08031332545647,26.62536683236497,0.0055586023924024675,0.003931416588310012,0.05190616417762513,0.0061135802739165045
-108.83111458058536,27.48865242193771,0.0063913632443655995,0.0047374856109006795,0.0468783024398794,0.006006830027616758
-107.36202655057134,26.34174550527116,0.005481559965485978,0.002524086063782907,0.047671251324778896,0.00623998577695212
-105.42925268985263,28.719484225026655,0.004981431639639445,0.004981801366853682,0.04133280622052824,0.005969289364481363
-104.40347625454929,28.973233548730736,0.0032601967209371016,0.004120642072139798,0.03857391205647057,0.005920186282844574
-103.83121492845835,27.400547741663797,0.00042686237003637504,0.003117801930312453,0.047398201924491914,0.006143845477084008
-107.86155833390612,28.244719499610774,0.0064591140186261164,0.0038363922217004146,0.042502051373870225,0.0059105548093635885
-105.18609961942684,28.262421570608513,0.005664910333308572,0.004678469725200456,0.04432933828312846,0.0059455848904748105
-107.83490001956784,28.404936904104808,0.005628553933816608,0.00412056380715279,0.03980574238839163,0.005974923803186816
-106.56412594947817,24.926008199200016,0.003830456484769069,0.0041327415707920635,0.059010819568395434,0.006142391771137435
-109.21931723529619,25.49663406308154,1.4465141220885513e-5,0.0041322935022959275,0.0535835743706212,0.006354043172078915
-88.87930374369331,15.270442865346093,0.0017218508365685157,0.0012054664301168949,0.17087772900420317,0.005102453195918437
-103.86529401741716,26.009613969810893,0.006127772580883635,0.004135048724253576,0.05371969054721968,0.00613298928227767
-109.72674433805976,27.520139681569823,0.006666121470498457,0.003143242384702878,0.0425235286585318,0.006118434107695408
-102.51631056325705,28.396911029285263,0.006599401751176093,0.0038238080120972283,0.0420952179721225,0.00594059188220627
-104.03873870192888,28.5955996385851,0.005880658922840798,0.005033549659480571,0.040412599341362966,0.005975362301884842
-108.22102438205395,28.782451301792303,0.005187749243833058,0.004708828037518694,0.04099490793845521,0.005870985610754725
-107.34934653363544,28.525262193748624,0.0027591579830073174,0.0046107444298890505,0.03959735118674386,0.005983949272420713
-106.6338285586208,27.000768915871838,0.001848252558715306,0.005487099467763901,0.04786603367672708,0.006097111298541147
-104.55838128679571,26.627308201073287,-0.0005555608165561014,0.004467662612700334,0.045892663594883136,0.006350622973239503
-106.90077779332508,26.602557505617852,0.004254821312600054,0.004544605258085135,0.04830788923508254,0.0061411066748077925
-105.2643875156266,27.850786581342636,0.00380822861741273,0.004648857154878842,0.04458714649598305,0.005951477016221661
-108.1127325528935,28.347877233931975,0.003951121377105006,0.004432511835019412,0.04068661265588552,0.005909223278200056
-105.95224491860733,28.941564123454306,0.0038827398816182216,0.004799109212474422,0.03963243338032433,0.005885607516439015
-107.62080603654269,27.7874851959643,0.0038111282946840983,0.0037721582396583672,0.04582616727656344,0.00604146924900514
-103.9103439765501,26.85909487403317,0.0036363211984843614,0.0040497223877856,0.04548790462214645,0.006352760624495994
-105.84860685266287,28.553885259142824,0.006971849889828484,0.004432131677028853,0.03796947427388579,0.005980008734807087
-107.40818162001355,27.719846515938872,0.0037741247958351875,0.004173749986329534,0.04288559199547054,0.006168858451752033
-106.30598701568036,27.597004142141003,0.006264028626273057,0.004668284517567303,0.043235057623583525,0.006136338974105701
-107.47243771130093,27.60596099070036,0.0010618599670986653,0.004633540056004205,0.044484555701034136,0.00600422276847273
-106.44425431357297,27.439313452626823,0.005393015069686552,0.003396651816291204,0.0463821805724471,0.006176957465590274
-110.14525308967856,25.025586025430574,0.004127125383454693,0.0036598953164500405,0.053199118673343246,0.006298354495027722
-105.54613161888183,28.30871359331291,0.006690359580251805,0.004272162629441934,0.04351565607587699,0.005922717228333722
-105.26891124732299,28.457833887456673,0.0032094963689967724,0.004974762459212823,0.04178894895371906,0.005921596164807948
-105.03600741648833,28.091344267946027,0.006417499166313588,0.004182896391574616,0.043854299806623864,0.006014527470362575
-105.69337713991494,28.305788279762858,0.006243025572044615,0.004958202669900744,0.044763842201141664,0.005904160478645444
-105.10371028283043,28.692464047684588,0.00528706438171061,0.002295295111826749,0.04157814312014681,0.005885149945604108
-109.03079998491685,25.315131550095575,0.002202830697660848,0.003983075435915932,0.05158700075108101,0.006248686118322391
-107.48315326642735,27.124634309008194,0.006154358368315982,0.003627655419331784,0.04449969200217509,0.006150864207154815
-104.23097073000653,25.47782953631399,0.0030649606831268227,0.0018916218143953784,0.05619433760977873,0.00607226372923591
-107.25562602468224,27.009492804217672,0.006334432468391648,0.004046103721716561,0.04947343469139988,0.006060418945328179
-109.16011786256233,26.662547268961873,0.005793464247603648,0.00504790243752717,0.043685021193280535,0.006220937152586812
-111.74596921471591,26.72535073476397,0.002102777555891438,0.0035736361710527096,0.04696470590826696,0.006342008290873781
-107.9833370294159,26.889757450239767,0.006242293947117268,0.0037280210750383113,0.04136664519027312,0.006199220257643569
-106.14236806758156,28.887797295478446,0.00607578248607872,0.00404526185492243,0.03925539667824204,0.00592380271866048
-109.24991525262006,27.53550785677935,0.005985368536068823,0.004681272267332925,0.04662075462895411,0.006000346997686744
-106.57423066662277,28.51307770533482,0.006939006566629538,0.0025151878817899686,0.04219716623791852,0.005922508227336662
-111.38183329093427,26.78092963129929,-0.0017341429839041259,0.0038848573271333246,0.04908940630271318,0.0060258748106483745
-104.78338372146106,26.54211528948983,0.00437691708326445,0.004192702517101859,0.04872999826437004,0.006297005235359023
-108.2449147796505,27.631599248581853,0.007034633561548964,0.004354585608695468,0.04392275243642749,0.006098302216335892
-108.9414591221732,28.820670969620913,0.006452004755134166,0.004806746508912938,0.03860821168915852,0.005913051920761735
-107.50895698052243,25.232942114906876,0.006687258592185258,0.003796278954014313,0.052752000786955966,0.0064846124395602405
-109.52598464311195,27.005138428933726,0.005290606601190051,0.0011592552671717987,0.04451909017671687,0.006174650615975092
-104.56079881420908,27.226364444583076,0.003272460573300972,0.004336923787620845,0.04529626933848279,0.0060750152465949385
-105.67268245873397,25.946820121203693,-5.2802547489425425e-5,0.003363644396132079,0.05464822726363029,0.006155212994764512
-105.62302735048851,27.555668034422844,0.005777340763855646,0.0046848652792901,0.04962143672165997,0.005843191219341742
-105.61799896525596,27.951188783947497,0.005296283896496849,0.004757690467978842,0.046329662789108945,0.0058994299149964236
-108.91732717616522,28.67900383359705,0.006163882374026744,0.004747502610906671,0.04106846914762942,0.005999136674467691
-110.38865161649915,26.058897241841123,0.005365646554930754,0.002700767916599322,0.047954649571738436,0.0062272450203427155
-107.35015059934275,28.639700139808333,0.003773832133311097,0.004628571063098301,0.0408313719899435,0.00588866080843819
-104.48397969240307,27.532593924099103,0.005779190164112657,0.0047452736351329475,0.04651306740757634,0.00595603934797813
-105.35238180471443,27.697122214976815,-0.002394016907141467,0.002486323108249539,0.04413341637610109,0.005959311522700015
-108.93556551169596,25.947758715462335,0.0036500623049180317,0.0042413364867325744,0.05631492724752096,0.005951678740160058
-104.81793586177741,25.59174125348076,0.0025740083590788804,0.004008535781108668,0.05347989713298103,0.006027055660392605
-103.18486155716224,27.47316704442892,0.0036903041168356117,0.004790161452608616,0.047131008856217814,0.0058601726824639
-107.93821609624781,26.14040295559848,0.0045366880750096,0.004360559973812596,0.051898480586599474,0.006130747122631993
-111.43335400952394,26.245720622342468,0.006587424789552978,0.0028163280795454283,0.04957852713839908,0.006248174528492598
-106.97584192498066,28.571545203480365,0.006977387552914589,0.0036103773982728063,0.04135845420904126,0.006011891688679705
-107.69999744118402,26.426685209466136,-0.0013933711197336419,0.003638805413375196,0.04719141028512906,0.006314828982631719
-107.33061863072669,27.28965232806715,0.0035079425932364934,0.003976907749452395,0.04707591651257133,0.006009965528724756
-105.42294212931552,27.952012218208342,0.006269804475703614,0.0040641460592604145,0.044717571843017376,0.0059518036396151094
-107.80309499758297,26.278393742701375,0.006512097030012263,0.003245819454213062,0.045652333429563714,0.006244730348279685
-107.428239573611,28.527194705742023,0.00635510128347813,0.0033399738945224847,0.03927806068186655,0.00598947295196299
-107.0809179702264,28.081559327173114,-3.9395363503935514e-5,0.004366132153241527,0.042659785042992296,0.005959922247009054
-107.39978479827414,24.921399829722574,0.0005419160635804934,0.0038020435044403807,0.055347894007960044,0.006176234047045659
-106.3479243137512,27.58590000247449,0.003129178928506046,0.003527965242909358,0.04664122324839772,0.005954534798326375
-108.74357028121263,25.774005527944404,0.0038993058895304355,0.004942709915918488,0.0467397870593752,0.006301531644252886
-103.08332026313174,28.95544290211699,0.004780329545018954,0.003618716218070131,0.0391201472245593,0.005946290855281632
-106.09278158275018,28.548003754729727,0.005899084112526489,0.004472769557864772,0.03812680535989722,0.005970536057047258
-108.30875753059158,27.389328957900773,0.004292542975427089,0.003372021461319016,0.047372238830738725,0.005887287221981206
-91.86496693830394,12.09914216019362,0.0013631692280252287,0.0013196147739606594,0.19777750943554057,0.005548744456434438
-107.00262057483565,27.535355743314973,0.004634658687481745,0.0036137250295077425,0.04927601738037235,0.006058111957148259
-104.95527569004832,29.06694787813664,0.003202958877798216,0.004289219912760295,0.03935105310675558,0.005947515081674544
-109.98614909825622,25.745472022346604,0.005434370761418603,0.0030946685744149627,0.04823509220121749,0.006317547683466822
-84.57872433904332,10.865325285886817,0.0020020313300677254,0.0010249182529520852,0.20326202353023543,0.004521114472133851
-103.93103162666678,26.94547412356609,0.004375435539652368,0.004588621007293206,0.0474642762387667,0.006096948837867841
-105.78126470366723,27.23391302203715,0.00298229231550085,0.003865891582572399,0.044531427364850495,0.006076811608872033
-107.27682160378905,27.000277703198662,0.005729811156682824,0.004316688783555083,0.049925000967580326,0.005983481317837118
-107.5137694448321,28.182905480868737,0.0035023870657482103,0.004527832934050508,0.041765786021187266,0.005949056460864249
-106.47373775173807,28.315087899105105,0.006673193686566788,0.004813881198871936,0.04745070749574372,0.005836954041266798
-105.17462103164473,28.679232196483998,0.0042127822813883995,0.004319969825322024,0.038314783932902406,0.005933506027187074
-108.8484481667685,27.276089343633497,0.00365394090343662,0.003062687024072654,0.04499391657651815,0.00601272521157883
-106.88311585248077,28.206760009575948,0.006587139101785532,0.004407435833162337,0.04446952166910763,0.005854478817483998
-106.8693290430047,27.09930348549159,0.006656721518548328,0.0037390364204481323,0.04782172400457704,0.00611827537257605
-112.3759418215482,22.24647022674082,-0.0017015816907617353,-0.0009028179642656756,0.06433814940119634,0.006141647562521089
-108.04703047867581,28.25318880121632,-0.0016067414694009956,0.004648759144561999,0.03871457235468688,0.00603368601942267
-110.96428465409119,25.54097376943515,0.0034898034096572175,0.003936652657440409,0.04916421531311933,0.006336034957272872
-103.61907917649428,24.980321572231514,0.006238440002481288,0.003588809509284064,0.05519545080629147,0.006537642177878747
-105.65828970799794,26.573962010562887,0.004357670699770621,0.0032811542865980843,0.04817435110386414,0.006082933589851274
-107.37773006229762,27.61007449185258,0.006219367419991464,0.0041620359473398035,0.044875156235869976,0.006104232402710764
-107.53290033446896,27.72070404219129,0.0014875128953765534,0.004583433382743512,0.04392878472448828,0.005986381511790146
-109.73084569926046,28.86648461611686,0.004290028063020158,0.0047561837096288945,0.0386780417635098,0.005919209023408596
-108.64942846910867,26.84191676900831,0.003408178730331497,0.005016379773576389,0.04999863576862911,0.006364040880457646
-105.3761445542099,26.341034969788147,0.004088163552722996,0.004398280546136247,0.049115626853202775,0.0060606374790279725
-106.24798015858667,27.829664656943397,0.0031786451796075553,0.004946187391533158,0.04460728725550559,0.006058103549707073
-106.76035876827555,27.325773018383643,0.005959985485034981,0.002648089537378445,0.0465743531139303,0.005962779533021056
-107.7323717737542,28.805810009145368,0.005380513624716247,0.0034342453715371377,0.04098357201999135,0.005837919151833373
-104.71834093235186,29.901585179114488,0.00554986862383388,0.0045889706266257135,0.03701290923887405,0.005753605324920909
-103.18209541723124,27.91397922097257,0.00455947467051528,0.0036797888468951268,0.044676368446798974,0.005928737464373629
-104.85734573774565,27.035933428751115,0.00672402472366731,0.0022228440738756216,0.04509687783574585,0.0060955865414673
-108.62244148584075,27.441799784615448,0.005359591688838937,0.002173413768616194,0.04335112990934058,0.006133006826326508
-108.06358544570453,28.519574701445684,0.002617672234163861,0.0046872479394903434,0.041097546652267426,0.005918454061126958
-106.14270018918312,26.678661576919744,-0.0015588488473028087,0.004229924159541884,0.04744482670637045,0.006084317756417563
-108.7600418298814,27.332676775560564,0.002354195637230019,0.005344613273395918,0.04443703353009924,0.006147399328799532
-108.38159166414832,27.884292147455064,0.0059007932922009055,0.004415811159489414,0.045437077125513106,0.0060213050815795775
-107.35375776245955,26.150778850653303,0.004161303877398771,0.004113607946182093,0.05159870721613761,0.006162620480006868
-108.31714995697489,27.349236058843893,0.005995464528603742,0.002315327510591135,0.041462125280569015,0.006048206715892475
-110.32677253350819,24.552367780907083,0.00240316454783768,0.00287545871338455,0.05847673447762207,0.0064082653176838035
-106.2692484948902,24.525027592216055,0.005040446420694421,0.0017305623909144193,0.05737082325741384,0.006366467713467853
-101.11245025836334,23.199987188890844,0.0010357043311981294,0.003937817992436172,0.06954231435773187,0.00584812605240813
-103.65189502805008,25.746414189392755,0.0034243649435237882,0.00390657173746155,0.05276417369800055,0.006214166962635181
-106.2546209853344,25.38606231534518,0.006598892929563048,0.002992682068770967,0.05406576574194102,0.006016550768447716
-109.9724559787918,28.351939232224613,0.00638386965906981,0.0035844661179195757,0.039596075636747816,0.005998415508884344
-108.25317628279927,26.964913289596467,0.006462264845044934,0.004559242297901206,0.04762727685635423,0.00605994941846316
